OrderID,CustomerID,ProductID,Quantity,Customer Age,Customer Region,Order Date,Price
1,1236,4,3,30,UK,2023-03-19,427.92
2,1544,4,3,43,UK,2023-12-21,312.87
3,1182,6,3,21,UK,2023-01-23,247.29
4,1987,1,4,63,UK,2023-04-11,172.33
5,1350,9,5,22,IN,2023-06-11,148.59
6,1262,8,5,22,FR,2023-02-18,284.11
7,1718,4,2,51,IN,2023-08-16,52.18
8,1420,4,3,34,US,2023-05-09,373.41
9,1801,1,3,44,FR,2023-11-12,359.21
10,1370,9,5,23,DE,2023-10-10,141.6
11,1408,9,2,25,FR,2023-01-13,223.91
12,1295,9,2,60,CA,2023-02-09,433.9
13,1162,10,3,45,CA,2023-04-27,96.1
14,1308,3,5,51,CA,2023-09-10,152.57
15,1819,3,5,27,CA,2023-08-14,303.28
16,1275,6,5,18,AU,2023-09-26,359.96
17,1002,10,1,18,IN,2023-09-08,366.46
18,1203,6,3,51,FR,2023-02-17,484.78
19,1053,10,5,64,DE,2023-06-21,132.46
20,1346,2,5,62,FR,2023-03-18,161.06
21,1321,5,3,19,IN,2023-05-08,84.22
22,1593,10,5,47,FR,2023-11-02,37.68
23,1294,3,5,61,CA,2023-08-18,163.33
24,1490,8,5,57,US,2023-07-11,96.02
25,1376,3,3,51,US,2023-06-22,183.61
26,1204,5,3,26,FR,2023-11-06,340.49
27,1751,3,2,32,US,2023-01-14,414.68
28,1361,7,4,39,CA,2023-03-07,263.59
29,1077,7,3,58,US,2023-08-06,251.06
30,1500,3,5,28,FR,2023-10-23,117.8
31,1169,4,2,57,IN,2023-02-18,421.77
32,1275,4,3,21,US,2023-04-07,136.9
33,1275,2,4,34,US,2023-03-02,79.65
34,1129,10,4,21,IN,2023-03-28,363.71
35,1091,3,3,21,FR,2023-03-03,103.8
36,1960,10,2,35,IN,2023-11-08,30.59
37,1372,2,2,30,FR,2023-08-12,409.95
38,1123,7,5,47,AU,2023-09-05,384.88
39,1247,1,2,68,UK,2023-10-04,246.83
40,1402,1,3,27,CA,2023-10-22,127.97
41,1060,7,3,65,UK,2023-01-08,385.22
42,1447,3,2,46,US,2023-09-03,58.64
43,1885,4,4,26,CA,2023-09-10,272.05
44,1475,10,1,21,DE,2023-12-08,245.0
45,1681,9,1,39,FR,2023-11-25,252.42
46,1971,4,3,29,DE,2023-01-24,146.26
47,1369,10,4,63,DE,2023-03-09,66.96
48,1730,6,2,45,FR,2023-12-31,440.77
49,1312,4,5,37,UK,2023-08-15,142.46
50,1104,1,3,41,UK,2023-10-25,398.78
51,1955,6,1,42,IN,2023-04-23,109.1
52,1375,2,5,68,IN,2023-06-25,132.43
53,1526,10,4,38,AU,2023-05-29,207.65
54,1486,4,1,65,DE,2023-02-01,240.17
55,1530,7,3,29,FR,2023-06-11,31.94
56,1040,3,1,53,US,2023-08-11,29.15
57,1377,3,2,45,US,2023-07-01,138.57
58,1493,10,5,47,CA,2023-04-05,142.52
59,1995,4,5,43,CA,2023-04-01,467.41
60,1454,10,5,34,UK,2023-07-06,11.66
61,1149,1,1,28,CA,2023-05-14,410.54
62,1873,3,3,31,US,2023-04-30,258.96
63,1292,5,2,46,DE,2023-11-28,16.36
64,1297,7,5,54,CA,2023-04-26,277.09
65,1375,6,4,49,US,2023-05-11,79.16
66,1170,10,3,48,IN,2023-11-19,196.04
67,1480,4,1,58,US,2023-06-02,302.14
68,1461,10,5,49,US,2023-12-12,473.97
69,1448,6,4,49,IN,2023-10-04,485.09
70,1384,6,3,27,US,2023-04-06,110.12
71,1721,9,5,28,CA,2023-06-28,466.53
72,1674,8,5,20,US,2023-12-21,45.39
73,1620,2,1,60,CA,2023-05-31,220.7
74,1676,8,2,66,CA,2023-02-17,157.44
75,1526,5,4,50,CA,2023-12-29,383.18
76,1017,3,2,38,DE,2023-03-30,40.0
77,1980,9,5,32,IN,2023-03-24,309.46
78,1887,4,3,67,FR,2023-03-17,473.2
79,1624,5,3,40,AU,2023-05-16,242.14
80,1344,3,4,62,DE,2023-12-28,80.19
81,1362,4,5,68,FR,2023-04-26,414.74
82,1923,6,4,45,FR,2023-10-05,320.4
83,1536,9,2,48,DE,2023-06-01,147.3
84,1471,5,2,37,CA,2023-03-04,318.62
85,1913,10,4,39,FR,2023-03-21,230.21
86,1108,3,2,38,DE,2023-07-29,156.77
87,1913,8,1,31,UK,2023-04-03,221.12
88,1264,10,2,26,CA,2023-04-16,481.74
89,1179,2,3,29,AU,2023-06-04,183.64
90,1110,1,3,32,IN,2023-05-09,84.44
91,1664,1,1,24,AU,2023-01-08,493.07
92,1793,7,5,31,FR,2023-12-08,444.43
93,1153,5,1,50,US,2023-12-11,24.87
94,1510,5,5,46,AU,2023-07-25,392.45
95,1925,9,4,38,US,2023-10-27,176.76
96,1213,9,5,56,CA,2023-08-12,473.76
97,1619,6,4,53,FR,2023-01-21,497.83
98,1325,9,5,30,UK,2023-10-03,477.2
99,1981,7,4,34,DE,2023-04-29,184.93
100,1323,5,1,67,CA,2023-04-15,129.32
101,1401,4,2,27,IN,2023-12-30,481.29
102,1896,5,3,40,IN,2023-09-22,136.04
103,1960,1,3,33,DE,2023-03-15,144.95
104,1217,7,1,25,UK,2023-10-18,185.29
105,1831,2,2,65,CA,2023-04-20,193.88
106,1075,10,3,43,AU,2023-08-13,195.59
107,1500,6,2,58,UK,2023-10-14,256.39
108,1973,5,4,30,US,2023-03-11,323.25
109,1739,4,4,25,DE,2023-08-25,462.39
110,1934,9,4,55,DE,2023-05-09,401.48
111,1256,3,2,55,IN,2023-11-24,286.55
112,1792,8,3,38,UK,2023-12-08,69.43
113,1914,1,5,30,UK,2023-11-23,328.0
114,1205,5,3,35,FR,2023-12-11,245.77
115,1224,3,3,19,US,2023-09-11,82.23
116,1544,4,1,35,UK,2023-02-16,488.74
117,1743,5,5,26,CA,2023-02-13,407.57
118,1501,10,1,33,IN,2023-02-08,345.56
119,1937,1,4,56,UK,2023-01-10,289.5
120,1178,9,2,54,UK,2023-07-18,316.02
121,1505,7,1,51,UK,2023-03-17,204.81
122,1120,8,3,49,IN,2023-01-07,11.49
123,1648,5,4,63,FR,2023-03-07,147.35
124,1947,8,3,70,US,2023-09-08,280.6
125,1320,2,2,27,US,2023-08-04,351.96
126,1318,4,2,26,AU,2023-07-04,123.93
127,1720,4,2,58,AU,2023-11-04,220.48
128,1442,4,3,42,US,2023-01-06,154.85
129,1225,1,2,37,AU,2023-06-16,232.37
130,1858,1,2,22,FR,2023-04-28,347.37
131,1505,9,1,22,DE,2023-11-08,98.72
132,1157,3,4,70,AU,2023-11-04,157.41
133,1216,8,3,33,FR,2023-01-24,40.67
134,1346,2,2,39,US,2023-03-16,212.72
135,1584,7,1,43,IN,2023-12-21,112.13
136,1501,1,4,42,CA,2023-12-01,495.72
137,1153,2,2,46,US,2023-07-02,440.53
138,1191,7,2,40,CA,2023-09-16,103.1
139,1043,3,1,36,CA,2023-09-19,260.13
140,1299,2,2,43,IN,2023-05-11,89.23
141,1345,10,4,30,DE,2023-10-29,311.21
142,1800,8,2,48,US,2023-01-13,143.73
143,1631,3,1,62,CA,2023-08-20,133.04
144,1731,1,1,62,AU,2023-06-06,496.01
145,1320,4,1,64,FR,2023-04-15,177.7
146,1580,6,4,19,FR,2023-04-07,388.91
147,1467,9,2,65,US,2023-07-23,477.17
148,1705,8,3,67,DE,2023-04-23,232.31
149,1422,4,5,31,US,2023-03-08,24.49
150,1458,3,5,27,UK,2023-12-19,315.01
151,1645,5,1,21,US,2023-12-24,111.16
152,1101,7,2,62,CA,2023-02-09,120.46
153,1660,5,2,55,FR,2023-09-07,158.14
154,1742,7,1,61,FR,2023-12-06,275.97
155,1768,6,5,48,AU,2023-07-19,449.46
156,1403,9,1,46,AU,2023-11-14,19.06
157,1362,7,2,67,DE,2023-09-28,467.11
158,1196,7,5,57,US,2023-08-15,483.78
159,1953,8,5,21,FR,2023-02-20,250.65
160,1847,5,5,27,US,2023-04-20,149.6
161,1780,9,2,24,UK,2023-04-04,496.04
162,1547,5,2,70,DE,2023-05-13,117.44
163,1256,7,1,22,FR,2023-06-05,372.4
164,1148,2,2,52,US,2023-02-17,490.35
165,1751,5,1,54,IN,2023-06-19,224.72
166,1636,2,2,34,UK,2023-06-23,69.36
167,1785,10,4,56,AU,2023-01-08,105.12
168,1731,5,5,51,FR,2023-07-22,343.34
169,1758,3,1,46,DE,2023-03-26,379.01
170,1037,1,5,31,AU,2023-10-12,125.4
171,1480,8,1,53,IN,2023-06-05,28.25
172,1791,3,3,43,US,2023-04-16,363.81
173,1814,6,2,50,FR,2023-11-10,290.61
174,1698,5,3,61,IN,2023-06-25,209.1
175,1770,7,5,61,IN,2023-09-27,442.09
176,1218,9,2,36,AU,2023-06-22,481.55
177,1152,2,1,61,DE,2023-09-09,348.09
178,1481,7,1,22,CA,2023-08-10,490.11
179,1266,3,5,45,FR,2023-05-13,193.72
180,1647,6,3,55,AU,2023-09-01,102.02
181,1485,7,4,21,AU,2023-12-12,364.81
182,1081,1,4,42,FR,2023-08-16,91.41
183,1004,7,1,68,UK,2023-10-28,86.82
184,1084,7,4,28,CA,2023-11-03,242.33
185,1135,7,3,53,FR,2023-05-31,433.72
186,1749,9,5,37,UK,2023-08-17,45.3
187,1954,8,4,22,UK,2023-02-12,477.34
188,1431,8,4,65,DE,2023-06-27,273.5
189,1201,7,2,57,UK,2023-09-14,473.1
190,1838,9,1,36,UK,2023-04-28,437.55
191,1696,9,1,56,IN,2023-11-25,134.62
192,1352,3,3,59,FR,2023-08-28,474.21
193,1577,9,5,37,US,2023-08-12,451.21
194,1329,8,2,32,US,2023-02-01,260.18
195,1159,7,5,20,UK,2023-05-20,252.45
196,1426,3,2,54,AU,2023-03-02,248.03
197,1292,8,2,34,FR,2023-12-09,282.72
198,1665,7,4,44,FR,2023-01-21,121.79
199,1627,1,1,53,IN,2023-10-09,201.13
200,1584,4,1,52,FR,2023-12-21,419.73
201,1222,9,2,53,DE,2023-01-07,11.67
202,1185,7,1,22,DE,2023-12-15,64.81
203,1281,2,1,61,FR,2023-05-17,83.18
204,1976,10,1,41,UK,2023-03-22,292.41
205,1775,7,5,52,UK,2023-06-21,442.91
206,1549,7,5,70,FR,2023-01-30,197.4
207,1019,2,5,70,CA,2023-06-24,96.8
208,1667,1,4,64,US,2023-11-22,126.49
209,1749,9,4,63,IN,2023-01-13,115.29
210,1892,4,5,46,UK,2023-08-05,233.67
211,1834,9,4,52,CA,2023-07-27,475.52
212,1298,9,3,52,FR,2023-11-16,113.35
213,1825,8,5,19,FR,2023-06-09,61.87
214,1839,9,5,35,AU,2023-05-22,14.67
215,1110,2,1,52,CA,2023-07-24,61.74
216,1270,2,2,42,DE,2023-12-15,21.95
217,1234,10,4,45,US,2023-12-19,194.89
218,1713,2,5,37,US,2023-12-25,247.33
219,1350,3,1,56,AU,2023-06-07,343.77
220,1787,6,5,25,AU,2023-10-24,135.03
221,1982,8,2,61,CA,2023-09-09,229.31
222,1223,7,4,44,FR,2023-01-09,483.37
223,1893,5,3,28,DE,2023-03-02,14.5
224,1016,6,5,39,IN,2023-10-23,322.67
225,1231,5,2,65,US,2023-06-20,254.91
226,1342,10,3,38,UK,2023-11-03,57.92
227,1417,8,3,35,FR,2023-03-29,285.66
228,1667,5,2,50,AU,2023-12-17,317.8
229,1660,2,4,18,UK,2023-04-16,258.64
230,1404,5,4,28,UK,2023-02-13,69.11
231,1978,5,5,70,US,2023-11-21,180.68
232,1414,1,5,31,CA,2023-10-10,335.45
233,1486,2,3,40,CA,2023-03-14,469.08
234,1629,6,3,38,DE,2023-04-15,31.46
235,1328,8,4,20,CA,2023-12-21,345.91
236,1247,10,2,58,CA,2023-11-02,43.89
237,1720,9,1,27,CA,2023-03-27,123.49
238,1949,6,5,32,DE,2023-01-08,439.32
239,1802,7,1,35,US,2023-02-08,264.26
240,1066,7,5,33,FR,2023-05-11,468.03
241,1385,9,2,22,IN,2023-12-28,116.61
242,1684,10,1,35,FR,2023-07-02,20.46
243,1675,5,1,34,CA,2023-11-14,65.69
244,1589,6,4,22,IN,2023-05-11,295.77
245,1708,4,5,56,US,2023-09-23,325.69
246,1076,9,5,22,US,2023-10-20,256.47
247,1668,3,5,55,IN,2023-10-15,310.22
248,1765,10,1,22,UK,2023-12-28,56.2
249,1852,1,2,54,CA,2023-08-10,283.56
250,1849,5,5,56,UK,2023-11-17,102.72
251,1510,4,1,33,FR,2023-05-01,260.63
252,1741,1,4,38,DE,2023-03-05,327.51
253,1848,9,3,45,AU,2023-07-14,230.17
254,1903,1,5,25,IN,2023-08-09,181.5
255,1087,5,1,31,DE,2023-08-08,408.93
256,1096,2,4,27,UK,2023-06-27,388.1
257,1719,4,2,25,CA,2023-09-24,91.95
258,1969,4,4,19,CA,2023-01-29,296.26
259,1622,8,2,61,FR,2023-02-14,89.44
260,1177,4,1,30,AU,2023-06-04,483.75
261,1434,10,4,39,IN,2023-02-03,184.48
262,1630,6,3,29,AU,2023-08-10,299.34
263,1982,1,1,68,UK,2023-11-24,186.86
264,1972,2,4,31,FR,2023-02-08,145.54
265,1776,5,5,44,US,2023-08-31,178.14
266,1058,1,2,23,IN,2023-06-02,482.2
267,1311,10,5,41,AU,2023-05-09,91.37
268,1761,6,1,51,CA,2023-06-09,251.76
269,1999,9,2,44,CA,2023-11-23,177.25
270,1341,3,3,43,UK,2023-05-10,422.69
271,1579,5,2,48,US,2023-11-24,141.59
272,1758,7,5,21,AU,2023-01-19,141.34
273,1566,6,5,58,IN,2023-03-18,126.11
274,1798,3,2,69,IN,2023-01-05,85.59
275,1594,6,1,68,IN,2023-01-15,124.96
276,1921,2,4,70,DE,2023-10-09,162.31
277,1376,2,4,58,AU,2023-12-11,136.47
278,1887,9,2,39,AU,2023-09-02,245.72
279,1559,10,1,64,US,2023-11-27,112.82
280,1540,4,4,45,UK,2023-11-02,235.19
281,1557,1,2,33,AU,2023-02-06,386.57
282,1162,9,1,37,US,2023-11-30,420.84
283,1250,2,5,29,US,2023-07-23,322.06
284,1723,7,5,67,DE,2023-07-28,41.33
285,1725,2,3,41,UK,2023-12-15,166.07
286,1320,5,2,22,IN,2023-01-09,453.42
287,1908,1,1,40,US,2023-07-13,215.96
288,1815,4,5,19,UK,2023-10-04,393.17
289,1217,9,4,46,DE,2023-11-15,158.04
290,1562,10,4,43,AU,2023-08-26,231.42
291,1029,5,1,44,DE,2023-08-19,43.35
292,1091,7,3,27,CA,2023-10-28,82.39
293,1229,4,1,39,CA,2023-04-27,453.06
294,1900,6,5,27,AU,2023-11-10,191.8
295,1051,3,2,52,AU,2023-06-08,455.06
296,1743,9,2,39,UK,2023-12-27,206.95
297,1706,2,3,20,UK,2023-09-11,382.95
298,1012,6,2,69,US,2023-05-06,70.24
299,1675,8,4,70,FR,2023-02-14,186.28
300,1768,4,2,19,CA,2023-10-19,354.78
301,1641,9,3,65,IN,2023-05-18,50.94
302,1974,1,4,49,AU,2023-09-10,398.31
303,1487,10,4,63,AU,2023-01-09,349.43
304,1531,3,4,22,AU,2023-11-18,488.76
305,1629,10,4,28,IN,2023-08-26,338.63
306,1768,5,4,63,DE,2023-06-05,456.26
307,1887,6,1,19,FR,2023-08-16,138.8
308,1044,2,3,64,AU,2023-02-12,65.89
309,1915,7,1,58,UK,2023-08-22,196.82
310,1815,5,3,70,FR,2023-04-24,189.44
311,1929,6,2,30,DE,2023-09-20,468.99
312,1318,3,5,60,CA,2023-07-20,136.92
313,1428,5,1,52,CA,2023-11-06,309.91
314,1330,5,4,38,CA,2023-01-15,233.01
315,1711,6,2,63,CA,2023-06-27,50.8
316,1092,8,4,27,IN,2023-06-29,427.94
317,1420,4,2,64,DE,2023-08-28,163.36
318,1627,4,1,52,UK,2023-07-23,303.32
319,1196,4,4,40,DE,2023-12-03,384.24
320,1340,1,3,50,FR,2023-06-01,479.47
321,1446,9,1,35,FR,2023-02-17,458.6
322,1511,8,2,25,US,2023-11-12,337.48
323,1367,3,1,50,CA,2023-06-15,399.81
324,1674,4,4,68,US,2023-09-06,471.9
325,1476,6,4,35,UK,2023-06-25,357.75
326,1977,8,2,69,US,2023-12-31,307.9
327,1090,5,5,55,US,2023-10-22,339.13
328,1381,4,1,44,DE,2023-12-18,13.52
329,1918,2,4,53,US,2023-05-22,19.93
330,1030,5,3,65,DE,2023-02-18,477.19
331,1112,2,5,35,UK,2023-03-07,210.65
332,1636,6,3,45,AU,2023-04-21,146.58
333,1326,7,3,19,CA,2023-01-22,196.44
334,1244,2,4,57,DE,2023-04-24,415.88
335,1454,4,3,40,AU,2023-12-22,102.32
336,1268,4,2,63,DE,2023-03-21,337.63
337,1030,4,2,35,UK,2023-09-30,312.48
338,1754,4,4,30,CA,2023-08-09,171.31
339,1862,9,4,45,US,2023-10-06,44.21
340,1190,9,3,26,FR,2023-02-18,341.54
341,1155,2,4,18,FR,2023-08-29,108.38
342,1871,1,1,56,FR,2023-03-14,290.38
343,1349,9,3,37,AU,2023-04-17,217.01
344,1545,4,5,32,US,2023-03-30,487.17
345,1382,10,2,47,DE,2023-06-19,323.39
346,1428,2,4,63,US,2023-08-14,265.84
347,1534,9,1,68,UK,2023-02-20,18.61
348,1281,2,1,49,IN,2023-08-06,360.54
349,1595,10,1,35,AU,2023-10-15,420.68
350,1697,3,3,51,UK,2023-09-01,189.48
351,1286,1,5,34,FR,2023-12-08,192.71
352,1910,5,1,42,DE,2023-07-14,242.1
353,1188,5,3,63,CA,2023-03-09,381.96
354,1349,1,5,51,IN,2023-04-23,371.63
355,1265,8,1,49,AU,2023-09-01,22.24
356,1555,9,4,69,IN,2023-12-14,312.77
357,1085,8,2,69,DE,2023-07-28,126.36
358,1582,5,3,60,CA,2023-04-23,337.86
359,1572,5,4,65,FR,2023-02-08,335.61
360,1503,3,3,38,IN,2023-09-15,247.17
361,1472,4,3,50,FR,2023-09-17,449.38
362,1551,9,1,51,CA,2023-02-09,491.29
363,1112,7,5,25,CA,2023-06-15,472.76
364,1195,1,1,51,AU,2023-08-30,181.17
365,1102,8,5,19,IN,2023-04-21,148.52
366,1336,8,4,21,FR,2023-06-10,142.03
367,1811,1,2,66,AU,2023-12-29,108.09
368,1313,10,2,41,UK,2023-03-04,90.88
369,1854,1,5,67,AU,2023-02-03,310.72
370,1689,10,5,45,DE,2023-12-05,62.92
371,1177,3,4,24,AU,2023-03-11,73.13
372,1383,9,5,59,CA,2023-07-07,432.32
373,1773,7,3,62,US,2023-07-13,187.31
374,1090,2,3,62,FR,2023-01-25,47.15
375,1635,7,5,69,US,2023-09-24,334.36
376,1787,1,1,57,DE,2023-02-28,47.51
377,1664,9,4,56,US,2023-11-07,290.67
378,1949,4,5,57,AU,2023-04-25,470.39
379,1311,7,4,66,IN,2023-07-14,406.01
380,1540,5,3,65,IN,2023-03-30,66.86
381,1722,9,4,65,AU,2023-10-04,14.37
382,1635,3,4,69,UK,2023-08-02,366.22
383,1440,7,3,63,FR,2023-01-12,278.36
384,1904,10,3,63,DE,2023-12-17,489.5
385,1144,2,5,32,IN,2023-12-15,150.12
386,1602,8,1,40,US,2023-01-03,376.71
387,1727,3,5,59,CA,2023-02-22,107.39
388,1687,8,4,22,CA,2023-03-21,39.95
389,1958,3,5,26,CA,2023-04-27,328.05
390,1594,1,3,63,AU,2023-01-06,31.02
391,1529,9,2,18,UK,2023-11-05,101.15
392,1549,7,2,42,US,2023-05-13,223.28
393,1391,6,3,18,CA,2023-02-08,187.92
394,1679,1,2,42,DE,2023-05-19,54.71
395,1745,7,1,43,FR,2023-07-07,175.3
396,1058,10,1,62,FR,2023-02-15,254.33
397,1674,10,3,62,AU,2023-08-13,465.16
398,1229,7,4,33,IN,2023-05-26,208.5
399,1293,6,4,23,UK,2023-01-19,421.6
400,1819,10,2,30,DE,2023-10-27,319.81
401,1157,6,4,68,US,2023-05-26,97.67
402,1947,2,2,44,DE,2023-04-22,339.47
403,1531,7,1,48,DE,2023-03-23,256.73
404,1820,1,5,41,US,2023-10-21,358.25
405,1669,8,1,61,IN,2023-03-06,93.59
406,1532,10,3,70,US,2023-10-21,29.95
407,1552,4,2,21,FR,2023-07-10,332.99
408,1413,9,2,68,IN,2023-03-24,337.17
409,1576,2,3,69,DE,2023-08-11,212.08
410,1684,10,1,32,AU,2023-01-29,68.81
411,1910,6,4,67,DE,2023-09-22,124.59
412,1206,1,4,42,US,2023-01-02,413.53
413,1683,10,4,43,US,2023-08-12,393.14
414,1960,2,2,59,CA,2023-04-02,144.35
415,1513,4,5,48,IN,2023-08-25,216.17
416,1442,10,5,40,FR,2023-08-11,278.23
417,1514,9,2,64,CA,2023-05-12,242.89
418,1890,9,3,47,IN,2023-01-07,420.4
419,1262,6,4,26,AU,2023-09-02,319.59
420,1532,9,4,21,IN,2023-05-30,486.04
421,1753,2,5,21,AU,2023-07-08,404.64
422,1508,2,1,67,FR,2023-01-07,268.99
423,1428,3,5,22,AU,2023-03-13,402.28
424,1941,4,5,47,FR,2023-11-17,147.74
425,1932,2,5,53,CA,2023-09-16,150.22
426,1152,5,3,53,CA,2023-08-25,252.24
427,1678,8,4,69,FR,2023-03-24,61.74
428,1945,9,4,59,CA,2023-11-26,110.31
429,1868,9,4,26,UK,2023-09-22,341.82
430,1835,2,1,36,AU,2023-06-20,404.17
431,1667,9,5,51,IN,2023-05-16,188.16
432,1308,9,4,64,CA,2023-10-09,310.16
433,1145,7,5,68,FR,2023-10-07,345.29
434,1312,8,2,41,UK,2023-04-05,449.06
435,1059,7,3,21,AU,2023-11-03,236.1
436,1828,2,5,58,CA,2023-10-17,76.71
437,1151,8,4,59,FR,2023-04-30,250.6
438,1069,9,4,28,UK,2023-05-29,137.45
439,1488,8,4,18,CA,2023-10-17,304.69
440,1260,7,1,70,AU,2023-11-11,179.56
441,1919,1,3,38,CA,2023-05-03,251.67
442,1476,6,2,54,US,2023-09-29,319.76
443,1615,3,3,18,IN,2023-01-09,497.2
444,1230,4,5,28,AU,2023-07-21,285.3
445,1273,2,4,56,FR,2023-12-10,270.38
446,1595,3,5,66,AU,2023-12-01,438.5
447,1107,1,5,41,DE,2023-08-07,415.97
448,1827,6,5,59,DE,2023-07-15,220.21
449,1722,5,3,30,AU,2023-11-16,177.91
450,1155,7,2,38,IN,2023-12-05,480.41
451,1465,3,3,50,CA,2023-11-16,116.32
452,1663,4,3,55,UK,2023-06-13,321.4
453,1295,2,4,57,AU,2023-02-24,33.9
454,1284,1,5,38,UK,2023-09-15,143.65
455,1652,9,2,68,IN,2023-03-31,301.92
456,1809,9,5,34,UK,2023-07-22,402.33
457,1920,7,2,43,DE,2023-05-14,253.36
458,1637,3,1,58,DE,2023-04-18,152.48
459,1904,9,5,24,FR,2023-09-02,152.68
460,1470,1,4,56,AU,2023-05-15,221.73
461,1028,4,4,49,FR,2023-11-06,299.67
462,1308,5,3,46,IN,2023-11-15,273.81
463,1636,4,5,27,US,2023-12-13,410.7
464,1065,6,4,23,IN,2023-12-05,488.44
465,1713,1,4,46,DE,2023-05-08,331.93
466,1390,1,4,19,US,2023-02-01,69.3
467,1144,3,1,34,IN,2023-11-05,414.67
468,1874,6,1,25,CA,2023-05-17,371.34
469,1098,10,2,53,IN,2023-09-23,465.48
470,1095,4,5,48,IN,2023-01-03,203.24
471,1293,8,1,32,UK,2023-04-17,362.08
472,1921,9,4,48,DE,2023-07-09,426.15
473,1343,9,5,59,UK,2023-06-22,164.75
474,1159,7,5,39,AU,2023-04-03,210.18
475,1111,6,3,41,FR,2023-02-25,135.68
476,1333,5,2,31,US,2023-04-20,341.13
477,1334,5,5,56,AU,2023-02-14,224.32
478,1926,6,3,61,AU,2023-06-05,274.5
479,1808,4,4,68,UK,2023-02-03,320.64
480,1657,8,2,20,CA,2023-11-28,92.56
481,1324,1,1,68,FR,2023-03-08,236.22
482,1476,6,4,60,US,2023-04-29,325.74
483,1049,7,3,44,DE,2023-02-03,419.82
484,1845,8,3,62,US,2023-11-12,278.18
485,1217,1,5,55,US,2023-10-16,474.32
486,1934,6,5,58,UK,2023-12-11,53.37
487,1436,5,1,47,AU,2023-11-19,361.82
488,1283,3,3,47,UK,2023-04-08,98.26
489,1752,1,4,69,FR,2023-03-03,121.3
490,1601,7,2,46,AU,2023-10-07,98.49
491,1518,1,2,18,CA,2023-02-25,469.87
492,1417,8,4,18,DE,2023-11-19,179.15
493,1446,3,2,24,CA,2023-01-09,175.54
494,1166,1,5,57,UK,2023-03-24,357.0
495,1883,9,3,18,DE,2023-03-08,400.39
496,1239,7,2,39,DE,2023-02-05,139.94
497,1036,8,2,19,UK,2023-12-26,457.43
498,1634,1,5,25,US,2023-11-02,474.7
499,1332,5,2,46,US,2023-01-30,430.77
500,1323,7,2,69,CA,2023-11-23,451.05
501,1822,5,3,64,US,2023-02-03,118.74
502,1229,6,5,20,CA,2023-12-08,93.37
503,1064,1,3,57,FR,2023-11-18,405.2
504,1270,1,4,43,IN,2023-04-18,421.75
505,1711,3,4,66,IN,2023-08-02,354.06
506,1686,2,1,46,UK,2023-08-06,26.95
507,1195,3,5,65,IN,2023-12-25,491.1
508,1782,10,1,50,DE,2023-10-17,256.11
509,1031,8,4,22,US,2023-03-05,107.22
510,1984,7,5,57,UK,2023-03-22,430.0
511,1180,4,5,25,FR,2023-06-28,351.53
512,1720,9,4,37,DE,2023-03-03,368.88
513,1195,5,3,45,DE,2023-05-05,184.23
514,1925,4,1,54,AU,2023-01-10,122.31
515,1456,1,4,45,US,2023-09-19,407.28
516,1082,4,5,61,FR,2023-06-19,77.32
517,1231,3,5,41,FR,2023-08-10,481.84
518,1129,7,1,68,DE,2023-07-07,128.59
519,1507,10,2,39,CA,2023-11-01,256.49
520,1783,8,5,58,US,2023-07-19,147.17
521,1333,1,4,59,CA,2023-05-21,163.82
522,1242,6,1,35,UK,2023-03-15,111.19
523,1800,9,5,24,FR,2023-01-01,333.16
524,1742,1,4,70,FR,2023-04-28,218.37
525,1288,3,2,21,IN,2023-12-12,156.02
526,1771,6,1,51,CA,2023-02-11,298.56
527,1968,4,4,19,DE,2023-07-29,266.3
528,1223,5,3,27,CA,2023-02-12,314.3
529,1602,1,3,69,UK,2023-01-19,69.28
530,1105,8,2,26,UK,2023-07-10,308.67
531,1326,6,1,45,DE,2023-02-20,49.53
532,1361,1,3,54,DE,2023-06-08,116.99
533,1806,6,5,49,CA,2023-05-17,238.55
534,1916,8,2,18,AU,2023-07-17,411.67
535,1847,1,2,30,UK,2023-08-04,410.26
536,1891,5,1,45,IN,2023-12-07,22.14
537,1475,10,3,50,DE,2023-12-03,491.47
538,1110,1,2,28,UK,2023-03-22,23.67
539,1450,2,4,54,UK,2023-06-19,168.02
540,1890,9,4,70,DE,2023-03-29,101.71
541,1262,7,4,23,US,2023-09-11,84.9
542,1049,5,3,46,UK,2023-09-04,481.48
543,1663,2,1,45,FR,2023-01-06,388.28
544,1206,9,3,31,AU,2023-03-09,457.23
545,1988,2,3,67,IN,2023-03-29,195.75
546,1539,3,2,36,FR,2023-09-02,274.29
547,1522,2,1,65,AU,2023-10-04,323.7
548,1137,8,2,35,IN,2023-01-27,309.8
549,1776,4,1,27,DE,2023-06-26,395.69
550,1395,5,3,31,UK,2023-09-15,328.27
551,1973,5,4,45,UK,2023-03-02,489.24
552,1664,3,1,62,US,2023-03-14,125.33
553,1776,10,1,24,AU,2023-03-31,76.98
554,1458,1,3,70,UK,2023-04-12,259.25
555,1697,6,4,31,US,2023-04-21,259.17
556,1103,5,5,34,IN,2023-01-16,177.95
557,1793,9,2,50,IN,2023-02-17,477.69
558,1853,10,4,56,US,2023-07-17,298.39
559,1204,4,5,63,US,2023-04-11,296.81
560,1936,8,3,52,US,2023-09-23,421.78
561,1400,4,5,69,FR,2023-05-27,311.39
562,1527,3,1,20,IN,2023-02-13,459.21
563,1861,3,2,67,UK,2023-02-28,372.28
564,1648,9,1,68,AU,2023-10-09,371.22
565,1232,8,2,41,DE,2023-07-08,284.04
566,1891,3,4,24,UK,2023-07-25,201.63
567,1767,4,4,44,US,2023-08-18,193.36
568,1717,8,4,61,DE,2023-08-09,339.12
569,1710,3,5,66,US,2023-01-10,318.59
570,1308,3,5,24,FR,2023-06-25,254.92
571,1181,4,4,49,AU,2023-07-22,458.36
572,1508,1,5,66,UK,2023-10-20,144.26
573,1028,3,5,34,AU,2023-09-01,194.15
574,1113,10,3,50,FR,2023-09-01,341.08
575,1271,9,4,38,CA,2023-07-26,104.42
576,1218,10,1,23,FR,2023-08-19,430.27
577,1260,1,5,62,UK,2023-07-26,461.0
578,1711,3,1,54,AU,2023-08-14,441.19
579,1206,9,5,20,DE,2023-05-19,61.14
580,1923,9,3,18,UK,2023-08-06,250.1
581,1009,7,4,69,IN,2023-10-20,281.28
582,1452,3,4,57,DE,2023-07-23,20.18
583,1980,5,2,23,IN,2023-09-25,258.76
584,1062,8,2,57,UK,2023-09-09,295.16
585,1572,9,5,29,US,2023-10-10,145.36
586,1748,2,4,23,IN,2023-12-29,400.94
587,1161,8,5,31,UK,2023-03-05,196.74
588,1907,6,5,61,US,2023-01-04,74.06
589,1306,4,4,34,AU,2023-05-25,93.61
590,1561,9,2,49,IN,2023-10-12,205.58
591,1113,4,3,57,DE,2023-10-27,68.07
592,1589,10,2,58,IN,2023-08-14,492.19
593,1335,2,3,24,DE,2023-02-20,316.24
594,1464,2,4,23,AU,2023-08-23,385.87
595,1387,2,1,39,CA,2023-05-07,460.17
596,1288,3,1,49,IN,2023-09-30,190.33
597,1332,1,3,59,FR,2023-11-21,104.01
598,1055,3,5,54,AU,2023-05-06,51.48
599,1444,8,1,61,CA,2023-11-17,114.76
600,1806,9,4,66,AU,2023-05-15,485.7
601,1187,2,3,31,AU,2023-07-01,174.27
602,1362,3,2,67,AU,2023-11-17,242.37
603,1024,5,1,66,US,2023-05-19,68.23
604,1748,6,4,61,CA,2023-12-13,493.08
605,1959,7,3,35,DE,2023-01-21,244.85
606,1858,10,1,56,US,2023-01-02,412.08
607,1349,9,4,40,US,2023-01-15,465.82
608,2000,4,2,26,CA,2023-03-15,327.87
609,1163,1,3,37,US,2023-07-04,187.66
610,1947,6,2,36,IN,2023-05-22,364.46
611,1136,5,3,60,DE,2023-05-23,100.6
612,1823,9,5,34,DE,2023-01-25,140.3
613,1874,5,5,54,DE,2023-11-30,203.03
614,1379,3,2,46,UK,2023-03-06,235.38
615,1910,3,1,35,FR,2023-05-19,236.16
616,1636,1,4,58,FR,2023-08-23,423.03
617,1339,2,2,31,AU,2023-09-11,383.71
618,1179,2,4,48,US,2023-07-05,12.9
619,1248,7,1,69,DE,2023-10-09,27.39
620,1145,4,1,46,FR,2023-10-29,155.91
621,1210,1,3,23,AU,2023-01-10,101.6
622,1814,8,1,30,CA,2023-04-11,439.24
623,1536,1,4,21,CA,2023-08-08,114.97
624,1159,6,3,29,US,2023-06-25,473.0
625,1299,7,3,29,CA,2023-01-03,437.8
626,1140,10,5,55,DE,2023-06-01,92.14
627,1475,2,5,70,DE,2023-03-04,182.75
628,1507,5,5,66,DE,2023-11-13,129.93
629,1640,6,5,70,CA,2023-07-13,304.0
630,1615,4,4,48,DE,2023-09-22,393.79
631,1657,1,2,43,IN,2023-11-14,74.29
632,1349,2,1,45,DE,2023-09-07,393.32
633,1918,6,5,52,DE,2023-12-22,151.38
634,1404,9,2,33,AU,2023-11-30,31.11
635,1549,5,1,38,FR,2023-01-02,225.05
636,1356,4,1,65,DE,2023-03-11,115.9
637,1698,10,1,24,IN,2023-05-28,297.25
638,1637,3,5,50,AU,2023-08-18,35.65
639,1358,5,3,48,UK,2023-01-11,78.98
640,1036,6,3,48,US,2023-07-09,80.89
641,1972,6,2,55,UK,2023-03-28,171.94
642,1192,6,3,37,AU,2023-11-17,462.57
643,1945,10,4,22,IN,2023-08-07,139.65
644,1218,7,4,20,CA,2023-03-29,201.94
645,1107,4,2,68,DE,2023-05-20,374.71
646,1184,1,3,40,FR,2023-03-10,351.51
647,1591,1,2,33,FR,2023-10-28,375.75
648,1756,8,4,39,IN,2023-10-29,381.88
649,1000,7,2,45,FR,2023-09-19,127.04
650,1645,1,1,22,UK,2023-09-09,336.79
651,1569,1,4,69,UK,2023-01-11,482.4
652,1676,8,3,41,CA,2023-10-04,241.08
653,1502,4,3,24,CA,2023-04-29,236.77
654,1000,6,3,51,AU,2023-07-24,299.44
655,1325,7,1,35,US,2023-07-27,96.74
656,2000,7,5,56,US,2023-10-10,448.86
657,1118,1,4,34,FR,2023-09-22,316.98
658,1802,1,5,18,IN,2023-02-16,45.7
659,1241,1,5,20,IN,2023-01-04,232.32
660,1775,9,3,24,US,2023-02-24,445.47
661,1197,8,5,40,US,2023-06-26,182.66
662,1112,10,1,23,FR,2023-06-08,28.94
663,1064,3,2,40,US,2023-12-30,371.55
664,1209,5,1,24,FR,2023-03-09,357.55
665,1232,8,2,26,CA,2023-03-03,310.96
666,1990,1,5,57,US,2023-09-08,173.92
667,1168,3,2,54,IN,2023-09-03,129.78
668,1512,4,2,60,AU,2023-12-17,198.5
669,1583,8,1,64,DE,2023-09-09,32.57
670,1581,8,5,34,FR,2023-02-19,185.02
671,1032,10,5,20,FR,2023-12-02,499.63
672,1123,3,5,69,DE,2023-05-17,498.56
673,1279,7,2,41,CA,2023-10-27,307.47
674,1370,8,5,25,AU,2023-07-26,226.45
675,1556,10,2,44,IN,2023-09-13,383.67
676,1080,9,5,50,FR,2023-12-14,315.44
677,1886,9,3,47,IN,2023-07-29,491.99
678,1146,6,4,55,IN,2024-01-01,231.46
679,1881,6,3,21,UK,2023-02-08,346.06
680,1708,3,1,67,US,2023-12-13,255.29
681,1027,6,4,35,UK,2023-11-11,132.87
682,1238,9,1,35,FR,2023-07-16,91.79
683,1742,9,2,39,US,2023-12-30,444.86
684,1455,9,3,44,FR,2023-03-10,80.7
685,1531,1,3,67,UK,2024-01-01,488.9
686,1601,8,1,40,AU,2023-09-03,397.47
687,1645,3,4,41,CA,2023-02-24,284.28
688,1012,9,1,64,US,2023-04-15,36.21
689,1914,7,4,45,IN,2023-07-07,343.56
690,1222,7,5,40,DE,2023-04-14,293.77
691,1720,10,5,34,AU,2023-04-29,490.7
692,1450,3,2,45,DE,2023-03-29,62.64
693,1856,6,4,22,FR,2023-07-26,276.59
694,1494,1,2,25,AU,2023-11-06,461.22
695,1939,5,3,48,DE,2023-06-06,449.75
696,1432,2,1,27,DE,2023-11-17,477.33
697,1301,6,2,66,UK,2023-08-07,153.15
698,1165,8,2,67,CA,2023-04-11,141.9
699,1613,2,3,43,US,2023-11-29,153.87
700,1205,8,5,55,CA,2023-02-14,437.29
701,1089,4,3,49,DE,2023-09-03,391.31
702,1479,9,3,27,CA,2023-07-16,366.07
703,1880,1,5,28,US,2023-02-20,349.62
704,1040,2,2,35,AU,2023-09-12,229.13
705,1048,3,5,22,CA,2023-11-22,454.05
706,1337,9,5,21,AU,2023-11-08,387.79
707,1078,5,4,25,IN,2023-10-03,472.98
708,1954,3,5,66,FR,2023-09-15,227.43
709,1065,1,1,42,DE,2023-08-27,109.38
710,1252,6,3,67,IN,2023-04-07,56.34
711,1430,1,5,62,CA,2023-08-12,12.61
712,1011,7,1,55,IN,2023-02-10,193.16
713,1462,9,2,28,UK,2023-04-05,349.99
714,1528,5,1,57,DE,2023-11-10,245.65
715,1372,2,5,33,CA,2023-02-16,278.36
716,1761,7,2,57,IN,2023-06-01,317.09
717,1735,2,2,57,FR,2023-05-24,156.53
718,1266,10,4,28,DE,2023-03-05,43.74
719,1168,1,1,50,UK,2023-05-18,457.54
720,1422,5,1,48,CA,2023-04-30,422.34
721,1575,10,5,60,FR,2023-07-12,464.03
722,1637,1,4,26,FR,2023-10-20,253.08
723,1516,4,5,23,FR,2023-02-25,32.89
724,1475,6,2,36,CA,2023-06-04,351.91
725,1928,6,4,61,DE,2023-10-22,153.05
726,1353,3,5,58,FR,2023-10-27,135.73
727,1521,1,1,67,AU,2023-05-12,90.66
728,1262,2,2,44,DE,2023-08-14,41.11
729,1813,2,4,59,IN,2023-10-30,28.79
730,1571,4,5,64,CA,2023-05-25,485.38
731,1771,9,4,27,FR,2023-01-09,92.96
732,1340,10,4,46,DE,2023-01-10,418.14
733,1949,5,3,45,US,2023-01-07,196.66
734,1662,3,3,61,UK,2023-03-31,31.84
735,1061,4,5,57,UK,2023-08-21,404.4
736,1507,8,3,26,CA,2023-09-20,499.38
737,1060,9,5,60,IN,2023-05-15,446.79
738,1465,3,3,19,FR,2023-05-10,371.45
739,1582,8,1,33,US,2023-05-21,15.16
740,1360,3,2,54,IN,2023-11-02,412.04
741,1075,7,1,20,US,2023-05-22,460.47
742,1426,3,3,26,CA,2023-03-09,315.59
743,1199,6,1,63,DE,2023-11-16,487.37
744,1951,1,4,66,AU,2023-08-07,88.67
745,1041,9,1,63,AU,2023-09-17,59.24
746,1287,8,3,30,FR,2023-08-25,441.63
747,1603,5,1,42,DE,2023-10-02,472.86
748,1405,3,5,61,CA,2023-05-18,85.81
749,1969,3,3,22,UK,2023-11-12,267.78
750,1121,7,5,27,DE,2023-01-27,236.3
751,1673,1,4,62,DE,2023-06-07,173.87
752,1983,9,2,60,FR,2023-04-17,496.43
753,1487,3,1,66,IN,2023-04-02,296.92
754,1233,9,1,29,UK,2023-08-19,193.25
755,1593,1,1,65,FR,2023-10-09,271.47
756,1910,5,1,29,CA,2023-02-10,50.72
757,1978,9,4,58,AU,2023-05-29,340.1
758,1289,8,1,37,IN,2023-02-18,314.14
759,1391,9,5,55,FR,2023-11-08,133.51
760,1322,5,4,41,DE,2023-12-30,432.7
761,1715,10,1,68,US,2023-12-19,286.47
762,1550,10,4,47,US,2023-12-19,294.79
763,1127,9,4,67,CA,2023-06-23,442.01
764,1904,3,2,58,CA,2023-01-16,389.75
765,1665,4,5,30,US,2023-04-26,315.37
766,1883,3,4,66,UK,2023-03-13,401.25
767,1852,3,3,37,FR,2023-02-05,91.11
768,1928,9,2,62,AU,2023-01-20,26.88
769,1278,3,4,61,IN,2023-03-09,284.32
770,1399,1,3,44,CA,2023-11-26,319.73
771,1364,8,2,28,FR,2023-09-03,51.33
772,1483,1,1,61,DE,2023-04-08,460.18
773,1388,3,1,32,IN,2023-11-28,403.02
774,1360,3,4,43,CA,2023-03-23,457.49
775,1885,8,3,45,UK,2023-06-03,390.7
776,1091,3,4,27,US,2023-05-20,154.48
777,1654,3,2,42,AU,2023-02-07,210.52
778,1129,5,4,29,US,2023-03-11,299.65
779,1311,9,2,22,AU,2023-04-27,497.29
780,1832,2,2,25,DE,2023-10-08,330.63
781,1452,5,1,53,CA,2023-06-15,226.41
782,1344,6,1,59,DE,2023-01-17,303.92
783,1520,2,4,59,DE,2023-05-13,125.09
784,1070,9,2,36,UK,2023-12-07,19.72
785,1307,9,4,40,CA,2023-10-02,164.98
786,1105,9,2,66,US,2023-03-27,33.81
787,1476,10,2,21,US,2023-04-20,499.04
788,1658,4,4,33,AU,2023-01-24,205.49
789,1275,1,1,31,UK,2023-08-12,418.02
790,1535,2,2,21,DE,2023-03-09,200.07
791,1130,7,3,41,IN,2023-01-29,224.78
792,1593,5,1,69,CA,2023-02-03,261.03
793,1615,5,1,48,IN,2023-04-10,447.55
794,1820,1,3,56,FR,2023-01-06,377.38
795,1283,7,3,39,DE,2023-02-21,482.54
796,1545,1,2,36,US,2023-08-14,364.09
797,1909,3,3,40,IN,2023-01-14,52.9
798,1129,7,2,52,AU,2023-10-14,162.78
799,1737,7,1,18,UK,2023-12-09,496.1
800,1719,5,4,30,FR,2023-01-25,32.54
801,1304,9,1,34,IN,2023-02-01,103.66
802,1861,5,4,26,AU,2023-06-19,480.18
803,1249,9,1,65,UK,2023-12-21,85.61
804,1972,10,2,61,UK,2023-06-17,171.73
805,1432,2,1,22,AU,2023-02-15,129.45
806,1538,8,2,36,US,2023-07-27,271.36
807,1773,6,2,45,FR,2023-01-19,340.75
808,1598,6,1,46,AU,2023-06-25,13.64
809,1150,8,3,62,AU,2023-11-23,354.49
810,1100,4,4,26,FR,2023-01-17,360.72
811,1824,10,2,66,CA,2023-06-21,138.59
812,1767,1,3,64,US,2023-10-05,263.29
813,1224,10,3,66,US,2023-06-09,255.68
814,1815,6,3,25,US,2023-02-05,42.28
815,1035,4,3,40,FR,2023-11-05,260.12
816,1534,6,1,21,US,2023-12-28,342.89
817,1389,9,1,26,CA,2023-06-02,303.77
818,1304,4,5,32,UK,2023-04-19,288.24
819,1160,7,5,31,IN,2023-01-14,399.6
820,1100,9,3,67,AU,2023-12-07,91.87
821,1090,5,2,19,AU,2023-10-29,78.28
822,1570,5,4,70,IN,2023-01-06,173.81
823,1916,6,3,29,FR,2023-09-23,93.67
824,1154,7,5,59,FR,2023-01-25,455.79
825,1049,3,2,70,IN,2023-05-02,357.33
826,1144,3,2,40,AU,2023-07-31,80.71
827,1084,2,4,29,FR,2023-05-16,188.09
828,1598,10,5,52,UK,2023-12-17,135.64
829,1342,1,3,60,IN,2023-12-18,320.22
830,1585,7,3,35,IN,2023-05-26,150.64
831,1065,5,1,38,CA,2023-04-17,333.55
832,1240,6,5,50,US,2023-05-17,96.73
833,1575,10,5,52,US,2023-10-14,439.64
834,1376,8,2,38,FR,2023-04-15,248.74
835,1922,2,3,30,IN,2023-09-22,102.92
836,1043,9,1,68,FR,2023-02-23,256.84
837,1451,8,1,70,FR,2023-08-12,348.03
838,1897,10,2,23,US,2023-02-04,375.11
839,1843,3,1,31,US,2023-09-06,222.02
840,1568,3,4,67,US,2023-05-11,280.87
841,1714,8,5,32,UK,2023-07-09,282.16
842,1171,6,3,69,CA,2023-09-06,418.73
843,1712,8,2,61,UK,2023-03-16,306.15
844,1532,4,4,29,AU,2023-07-23,109.81
845,1488,10,2,23,AU,2023-02-12,164.87
846,1559,3,4,64,UK,2023-11-11,295.48
847,1917,3,5,59,DE,2023-09-12,146.44
848,1268,10,4,67,US,2023-07-14,257.32
849,1050,2,1,43,CA,2023-10-16,491.75
850,1529,3,3,45,IN,2023-02-04,134.6
851,1558,3,4,69,UK,2023-11-20,181.19
852,1301,7,4,44,DE,2023-01-16,96.11
853,1945,5,4,20,AU,2023-08-01,173.4
854,1953,9,5,50,IN,2023-07-23,207.99
855,1537,10,5,38,CA,2023-09-21,137.22
856,1705,8,3,39,IN,2023-07-13,211.54
857,1924,6,4,44,IN,2023-06-08,151.16
858,1270,8,3,62,US,2023-03-07,158.42
859,1538,1,1,32,IN,2023-08-29,287.55
860,1740,2,3,23,IN,2023-01-29,368.29
861,1120,9,3,54,US,2023-12-18,264.53
862,1513,1,4,43,US,2023-02-22,489.61
863,1508,8,1,20,FR,2023-11-07,243.73
864,1692,6,3,60,AU,2023-02-26,98.28
865,1127,3,4,55,IN,2023-03-29,216.35
866,1801,9,3,19,CA,2023-02-16,498.05
867,1384,4,3,41,DE,2023-01-28,468.31
868,1404,10,1,52,UK,2023-11-15,363.2
869,1918,7,1,63,UK,2023-04-29,440.85
870,1035,5,2,36,US,2023-12-25,141.64
871,1395,9,2,55,CA,2023-11-27,246.44
872,1394,9,3,58,CA,2023-01-22,221.34
873,1708,8,5,52,US,2023-07-01,388.26
874,1296,10,5,60,DE,2023-08-29,298.43
875,1644,1,5,51,FR,2023-09-27,130.66
876,1046,10,5,28,FR,2023-10-26,309.72
877,1648,4,5,65,UK,2023-09-07,140.37
878,1779,6,2,26,IN,2023-11-14,359.55
879,1073,10,4,31,AU,2023-06-03,457.38
880,1068,2,1,19,FR,2023-08-28,402.1
881,1754,9,5,60,IN,2023-08-12,476.82
882,1550,4,5,68,IN,2023-03-10,143.66
883,1224,3,2,29,AU,2023-07-06,316.76
884,1023,2,4,20,CA,2023-09-20,487.96
885,1452,3,2,44,FR,2023-01-16,174.33
886,1848,8,4,35,US,2023-01-07,144.47
887,1109,5,1,69,FR,2023-01-02,153.14
888,1848,10,2,38,FR,2023-09-12,258.23
889,1107,5,5,40,UK,2023-08-16,244.13
890,1185,5,4,63,DE,2023-05-03,85.3
891,1261,1,2,34,FR,2023-07-31,113.84
892,1068,4,1,46,FR,2023-10-19,270.5
893,1770,4,3,40,CA,2023-01-20,473.26
894,1889,9,5,37,CA,2023-11-11,43.4
895,1357,3,2,31,DE,2023-02-04,214.75
896,1988,5,2,64,DE,2023-11-12,219.07
897,1461,3,1,23,CA,2023-07-25,26.57
898,1536,1,5,69,DE,2023-07-08,240.22
899,1205,5,3,58,UK,2023-10-27,137.76
900,1519,3,5,48,US,2023-02-04,197.43
901,1590,2,4,44,FR,2023-01-22,439.91
902,1928,5,1,41,DE,2023-08-01,291.68
903,1065,5,2,50,FR,2023-09-27,293.26
904,1307,4,3,62,AU,2023-08-11,337.09
905,1198,7,4,21,CA,2023-12-07,337.51
906,1333,9,3,44,UK,2023-03-15,293.16
907,1675,1,4,58,FR,2023-11-11,385.71
908,1986,7,3,24,IN,2023-04-28,38.27
909,1778,10,5,58,UK,2023-05-06,208.05
910,1751,9,5,25,AU,2023-02-19,282.9
911,1272,1,3,37,UK,2023-04-13,138.01
912,1212,7,5,55,AU,2023-08-01,314.24
913,1437,6,2,31,CA,2023-07-06,497.85
914,1037,7,4,32,US,2023-12-06,363.73
915,1841,10,3,43,DE,2023-04-19,264.64
916,1370,7,5,23,IN,2023-06-23,27.89
917,1485,3,2,33,UK,2023-01-10,466.42
918,1217,3,5,33,DE,2023-06-29,163.15
919,1547,7,5,31,FR,2023-03-07,342.64
920,1269,4,1,69,FR,2023-02-05,225.88
921,1988,7,5,29,DE,2023-02-25,141.75
922,1783,3,2,46,UK,2023-02-13,210.07
923,1054,9,2,31,CA,2023-12-17,181.2
924,1584,9,3,67,CA,2023-02-05,415.56
925,1163,6,3,22,IN,2023-11-06,371.24
926,1276,4,1,19,AU,2023-10-17,98.07
927,1092,5,3,55,FR,2023-05-29,266.56
928,1842,9,5,65,UK,2023-03-19,83.42
929,1636,1,2,65,AU,2023-11-18,344.45
930,1488,6,5,67,FR,2023-09-14,171.21
931,1346,3,3,32,CA,2023-05-14,66.39
932,1661,7,4,28,IN,2023-09-18,262.53
933,1512,1,5,67,FR,2023-07-20,170.08
934,1116,4,1,41,DE,2023-11-26,25.0
935,1382,4,1,24,FR,2023-01-01,436.71
936,1809,2,2,37,FR,2023-03-20,103.87
937,1812,8,1,31,US,2023-10-08,80.51
938,1719,7,3,50,CA,2023-03-06,69.0
939,1469,7,2,20,FR,2023-03-02,165.13
940,1312,8,1,26,CA,2023-01-01,403.78
941,1395,8,4,50,DE,2023-11-19,413.99
942,1192,5,2,32,UK,2023-09-12,251.89
943,1386,5,4,40,DE,2023-12-21,405.08
944,1505,5,3,51,AU,2023-08-03,233.73
945,1402,7,5,33,IN,2023-02-09,279.6
946,1912,5,1,19,AU,2023-05-14,132.69
947,1099,7,3,45,CA,2023-02-03,384.3
948,1568,2,2,64,IN,2023-03-17,201.57
949,1933,2,3,54,DE,2023-01-12,58.6
950,1072,1,3,38,DE,2023-07-25,438.17
951,1331,9,3,53,IN,2023-05-21,283.2
952,1077,9,5,45,UK,2023-07-27,362.06
953,1744,4,3,48,DE,2023-08-05,261.86
954,1591,10,1,36,CA,2023-03-14,146.84
955,1283,10,4,67,FR,2023-01-28,28.73
956,1858,10,3,43,FR,2023-11-14,388.46
957,1808,8,3,40,AU,2023-04-01,306.21
958,1619,10,1,67,FR,2023-05-24,375.83
959,1551,8,1,52,AU,2023-04-22,376.07
960,1239,6,5,28,IN,2023-12-14,417.88
961,1248,5,3,69,UK,2023-08-20,176.69
962,1682,7,1,18,US,2023-05-23,35.06
963,1343,2,5,30,US,2023-04-01,195.26
964,1610,4,5,41,DE,2023-07-25,109.83
965,1798,7,5,26,AU,2023-05-29,134.84
966,1893,3,1,63,UK,2023-10-07,241.71
967,1628,6,2,68,AU,2023-08-03,244.03
968,1882,1,4,67,IN,2023-07-24,61.89
969,1366,2,4,61,US,2023-09-14,26.7
970,1319,3,5,25,DE,2023-02-24,228.04
971,1511,8,2,44,US,2023-01-22,498.85
972,1892,3,2,66,CA,2023-03-27,307.57
973,1845,7,2,47,US,2023-12-22,74.58
974,1978,5,5,24,CA,2023-02-07,383.36
975,1006,10,1,18,DE,2023-03-06,55.57
976,1724,4,5,35,UK,2023-07-18,393.41
977,1359,10,1,39,IN,2023-08-29,125.71
978,1110,2,4,58,US,2023-05-07,79.51
979,1327,5,5,47,UK,2023-09-21,268.66
980,2000,7,5,67,IN,2023-01-09,300.29
981,1978,3,1,37,CA,2023-09-09,101.81
982,1804,6,1,18,FR,2023-02-11,488.87
983,1973,1,1,33,AU,2023-08-16,144.64
984,1996,10,2,68,IN,2023-04-21,261.69
985,1149,2,5,33,US,2023-10-05,30.85
986,1291,3,5,46,IN,2023-10-31,207.11
987,1652,9,2,36,IN,2023-04-14,139.5
988,1744,9,4,64,IN,2023-12-09,193.36
989,1339,2,2,68,UK,2023-09-12,176.89
990,1337,8,1,32,FR,2023-06-01,212.56
991,1994,9,2,27,UK,2023-01-05,12.7
992,1860,3,5,43,UK,2023-09-05,269.15
993,1286,8,5,34,FR,2023-05-27,351.87
994,1583,10,4,63,FR,2023-12-22,446.11
995,1748,9,1,61,DE,2023-09-04,77.84
996,1195,7,5,18,IN,2023-02-02,11.53
997,1133,1,4,51,AU,2023-04-14,70.02
998,1440,9,3,52,CA,2023-03-09,278.18
999,1171,7,4,59,FR,2023-12-19,56.83
1000,1722,9,1,29,UK,2023-06-23,231.48
